BEGIN;

-- =========================
-- USERS
-- =========================
INSERT INTO users (id, user_name, password_hash, email, roles, created_at, updated_at) VALUES
('11111111-1111-4111-8111-111111111111', 'admin.manager1', '$2a$10$JY4oVi/I6gNx3OQZ5evleO0AuS9FDBrxHDZzZClR5brsBKAtcn2yy', 'admin.manager1@restaurant.local', 'ADMIN', TIMESTAMP '2026-05-07 10:00:00', TIMESTAMP '2026-05-07 10:00:00'),
('22222222-2222-4222-8222-222222222222', 'cashier.smith2', '$2a$10$JY4oVi/I6gNx3OQZ5evleO0AuS9FDBrxHDZzZClR5brsBKAtcn2yy', 'cashier.smith2@restaurant.local', 'CASHIER', TIMESTAMP '2026-05-07 10:00:00', TIMESTAMP '2026-05-07 10:00:00'),
('33333333-3333-4333-8333-333333333333', 'kitchen.chef3', '$2a$10$JY4oVi/I6gNx3OQZ5evleO0AuS9FDBrxHDZzZClR5brsBKAtcn2yy', 'kitchen.chef3@restaurant.local', 'KITCHEN', TIMESTAMP '2026-05-07 10:00:00', TIMESTAMP '2026-05-07 10:00:00'),
('44444444-4444-4444-8444-444444444444', 'delivery.rider4', '$2a$10$JY4oVi/I6gNx3OQZ5evleO0AuS9FDBrxHDZzZClR5brsBKAtcn2yy', 'delivery.rider4@restaurant.local', 'DELIVERY', TIMESTAMP '2026-05-07 10:00:00', TIMESTAMP '2026-05-07 10:00:00'),
('55555555-5555-4555-8555-555555555555', 'sarah.brown5', '$2a$10$JY4oVi/I6gNx3OQZ5evleO0AuS9FDBrxHDZzZClR5brsBKAtcn2yy', 'sarah.brown5@restaurant.local', 'CUSTOMER', TIMESTAMP '2026-05-07 10:00:00', TIMESTAMP '2026-05-07 10:00:00'),
('66666666-6666-4666-8666-666666666666', 'omar.ali6', '$2a$10$JY4oVi/I6gNx3OQZ5evleO0AuS9FDBrxHDZzZClR5brsBKAtcn2yy', 'omar.ali6@restaurant.local', 'CUSTOMER', TIMESTAMP '2026-05-07 10:00:00', TIMESTAMP '2026-05-07 10:00:00');

-- =========================
-- STAFFS
-- =========================
INSERT INTO staffs (id, first_name, last_name, salary, position, date_joined, date_left, cin, created_at, updated_at, user_id) VALUES
('77777777-7777-4777-8777-777777777777', 'Amina', 'El Fassi', 9500.00, 'Restaurant Manager', DATE '2024-02-12', NULL, 'AA000001', TIMESTAMP '2026-05-07 10:05:00', TIMESTAMP '2026-05-07 10:05:00', '11111111-1111-4111-8111-111111111111'),
('88888888-8888-4888-8888-888888888888', 'Youssef', 'Bennani', 6200.00, 'Cashier', DATE '2024-04-18', NULL, 'BB000002', TIMESTAMP '2026-05-07 10:05:00', TIMESTAMP '2026-05-07 10:05:00', '22222222-2222-4222-8222-222222222222'),
('99999999-9999-4999-8999-999999999999', 'Nadia', 'Haddad', 7200.00, 'Chef de Partie', DATE '2024-03-05', NULL, 'CC000003', TIMESTAMP '2026-05-07 10:05:00', TIMESTAMP '2026-05-07 10:05:00', '33333333-3333-4333-8333-333333333333'),
('aaaaaaaa-aaaa-4aaa-8aaa-aaaaaaaaaaaa', 'Rachid', 'Zerouali', 5800.00, 'Delivery Rider', DATE '2024-05-21', NULL, 'DD000004', TIMESTAMP '2026-05-07 10:05:00', TIMESTAMP '2026-05-07 10:05:00', '44444444-4444-4444-8444-444444444444');

-- =========================
-- CATEGORIES
-- =========================
INSERT INTO categories_menu (id, category_name, sort_order, active, created_at, updated_at) VALUES
('c0000000-0000-4000-8000-000000000001', 'Starters', 1, TRUE, TIMESTAMP '2026-05-07 10:10:00', TIMESTAMP '2026-05-07 10:10:00'),
('c0000000-0000-4000-8000-000000000002', 'Salads', 2, TRUE, TIMESTAMP '2026-05-07 10:10:00', TIMESTAMP '2026-05-07 10:10:00'),
('c0000000-0000-4000-8000-000000000003', 'Main Courses', 3, TRUE, TIMESTAMP '2026-05-07 10:10:00', TIMESTAMP '2026-05-07 10:10:00'),
('c0000000-0000-4000-8000-000000000004', 'Pasta', 4, TRUE, TIMESTAMP '2026-05-07 10:10:00', TIMESTAMP '2026-05-07 10:10:00'),
('c0000000-0000-4000-8000-000000000005', 'Desserts', 5, TRUE, TIMESTAMP '2026-05-07 10:10:00', TIMESTAMP '2026-05-07 10:10:00'),
('c0000000-0000-4000-8000-000000000006', 'Drinks', 6, TRUE, TIMESTAMP '2026-05-07 10:10:00', TIMESTAMP '2026-05-07 10:10:00');

-- =========================
-- MENU ITEMS
-- =========================
INSERT INTO menu_items (id, name, description, price, active, image_url, prep_station, created_at, updated_at, category_id) VALUES
('m0000000-0000-4000-8000-000000000001', 'Tomato Soup', 'Smooth tomato soup with herbs and cream.', 8.50, TRUE, NULL, 'Hot Kitchen', TIMESTAMP '2026-05-07 10:15:00', TIMESTAMP '2026-05-07 10:15:00', 'c0000000-0000-4000-8000-000000000001'),
('m0000000-0000-4000-8000-000000000002', 'Crispy Calamari', 'Golden fried calamari with lemon aioli.', 12.00, TRUE, NULL, 'Hot Kitchen', TIMESTAMP '2026-05-07 10:15:00', TIMESTAMP '2026-05-07 10:15:00', 'c0000000-0000-4000-8000-000000000001'),
('m0000000-0000-4000-8000-000000000003', 'Caesar Salad', 'Romaine lettuce, parmesan, croutons and Caesar dressing.', 10.00, TRUE, NULL, 'Cold Kitchen', TIMESTAMP '2026-05-07 10:15:00', TIMESTAMP '2026-05-07 10:15:00', 'c0000000-0000-4000-8000-000000000002'),
('m0000000-0000-4000-8000-000000000004', 'Greek Salad', 'Tomato, cucumber, olives and feta cheese.', 9.50, TRUE, NULL, 'Cold Kitchen', TIMESTAMP '2026-05-07 10:15:00', TIMESTAMP '2026-05-07 10:15:00', 'c0000000-0000-4000-8000-000000000002'),
('m0000000-0000-4000-8000-000000000005', 'Grilled Chicken', 'Herb marinated chicken with roasted vegetables.', 19.50, TRUE, NULL, 'Grill', TIMESTAMP '2026-05-07 10:15:00', TIMESTAMP '2026-05-07 10:15:00', 'c0000000-0000-4000-8000-000000000003'),
('m0000000-0000-4000-8000-000000000006', 'Beef Steak', 'Served with pepper sauce and fries.', 24.00, TRUE, NULL, 'Grill', TIMESTAMP '2026-05-07 10:15:00', TIMESTAMP '2026-05-07 10:15:00', 'c0000000-0000-4000-8000-000000000003'),
('m0000000-0000-4000-8000-000000000007', 'Carbonara', 'Creamy pasta with bacon and parmesan.', 15.00, TRUE, NULL, 'Hot Kitchen', TIMESTAMP '2026-05-07 10:15:00', TIMESTAMP '2026-05-07 10:15:00', 'c0000000-0000-4000-8000-000000000004'),
('m0000000-0000-4000-8000-000000000008', 'Arrabbiata', 'Spicy tomato pasta with fresh basil.', 14.00, TRUE, NULL, 'Hot Kitchen', TIMESTAMP '2026-05-07 10:15:00', TIMESTAMP '2026-05-07 10:15:00', 'c0000000-0000-4000-8000-000000000004'),
('m0000000-0000-4000-8000-000000000009', 'Chocolate Cake', 'Rich chocolate cake with ganache.', 7.50, TRUE, NULL, 'Pastry', TIMESTAMP '2026-05-07 10:15:00', TIMESTAMP '2026-05-07 10:15:00', 'c0000000-0000-4000-8000-000000000005'),
('m0000000-0000-4000-8000-000000000010', 'Tiramisu', 'Classic coffee-flavoured dessert.', 8.00, TRUE, NULL, 'Pastry', TIMESTAMP '2026-05-07 10:15:00', TIMESTAMP '2026-05-07 10:15:00', 'c0000000-0000-4000-8000-000000000005'),
('m0000000-0000-4000-8000-000000000011', 'Mint Tea', 'Fresh Moroccan mint tea.', 3.50, TRUE, NULL, 'Bar', TIMESTAMP '2026-05-07 10:15:00', TIMESTAMP '2026-05-07 10:15:00', 'c0000000-0000-4000-8000-000000000006'),
('m0000000-0000-4000-8000-000000000012', 'Fresh Lemonade', 'Chilled lemonade with fresh lemon juice.', 4.00, TRUE, NULL, 'Bar', TIMESTAMP '2026-05-07 10:15:00', TIMESTAMP '2026-05-07 10:15:00', 'c0000000-0000-4000-8000-000000000006');

-- =========================
-- RESTAURANT TABLES
-- =========================
INSERT INTO restaurant_tables (id, label, seats, public_code, active, status, created_at, updated_at, user_id) VALUES
('t0000000-0000-4000-8000-000000000001', 'Table 1', 2, 'TAB-0001', TRUE, 'Available', TIMESTAMP '2026-05-07 10:20:00', TIMESTAMP '2026-05-07 10:20:00', '11111111-1111-4111-8111-111111111111'),
('t0000000-0000-4000-8000-000000000002', 'Table 2', 4, 'TAB-0002', TRUE, 'Reserved', TIMESTAMP '2026-05-07 10:20:00', TIMESTAMP '2026-05-07 10:20:00', '22222222-2222-4222-8222-222222222222'),
('t0000000-0000-4000-8000-000000000003', 'Table 3', 4, 'TAB-0003', TRUE, 'Occupied', TIMESTAMP '2026-05-07 10:20:00', TIMESTAMP '2026-05-07 10:20:00', '11111111-1111-4111-8111-111111111111'),
('t0000000-0000-4000-8000-000000000004', 'Table 4', 6, 'TAB-0004', TRUE, 'Available', TIMESTAMP '2026-05-07 10:20:00', TIMESTAMP '2026-05-07 10:20:00', '22222222-2222-4222-8222-222222222222'),
('t0000000-0000-4000-8000-000000000005', 'Table 5', 8, 'TAB-0005', TRUE, 'Available', TIMESTAMP '2026-05-07 10:20:00', TIMESTAMP '2026-05-07 10:20:00', '11111111-1111-4111-8111-111111111111'),
('t0000000-0000-4000-8000-000000000006', 'Table 6', 10, 'TAB-0006', TRUE, 'Reserved', TIMESTAMP '2026-05-07 10:20:00', TIMESTAMP '2026-05-07 10:20:00', '22222222-2222-4222-8222-222222222222');

-- =========================
-- ORDERS
-- =========================
INSERT INTO orders (id, public_code, type_order, status, payment_status, phone, notes, delivery_address, created_at, updated_at, table_id, created_by, updated_by) VALUES
('o0000000-0000-4000-8000-000000000001', 'ORD-0001', 'DINE_IN', 'CONFIRMED', 'PAID', NULL, 'Dinner service for four guests.', NULL, TIMESTAMP '2026-05-07 11:00:00', TIMESTAMP '2026-05-07 11:10:00', 't0000000-0000-4000-8000-000000000001', '11111111-1111-4111-8111-111111111111', '22222222-2222-4222-8222-222222222222'),
('o0000000-0000-4000-8000-000000000002', 'ORD-0002', 'DINE_IN', 'READY', 'PENDING', NULL, 'Lunch orders for the main hall.', NULL, TIMESTAMP '2026-05-07 11:15:00', TIMESTAMP '2026-05-07 11:25:00', 't0000000-0000-4000-8000-000000000002', '22222222-2222-4222-8222-222222222222', '33333333-3333-4333-8333-333333333333'),
('o0000000-0000-4000-8000-000000000003', 'ORD-0003', 'DELIVERY', 'OUT_FOR_DELIVERY', 'PAID', '0612345678', 'Delivery order for home address.', '12 Rue Hassan II, Casablanca', TIMESTAMP '2026-05-07 11:30:00', TIMESTAMP '2026-05-07 11:40:00', NULL, '55555555-5555-4555-8555-555555555555', '44444444-4444-4444-8444-444444444444'),
('o0000000-0000-4000-8000-000000000004', 'ORD-0004', 'DELIVERY', 'COMPLETED', 'PAID', '0623456789', 'Delivered in the evening.', '45 Avenue Mohammed V, Rabat', TIMESTAMP '2026-05-07 12:00:00', TIMESTAMP '2026-05-07 12:20:00', NULL, '66666666-6666-4666-8666-666666666666', '44444444-4444-4444-8444-444444444444');

-- =========================
-- ORDER ITEMS
-- =========================
INSERT INTO order_items (id, quantity, notes, created_at, updated_at, order_id, menu_item_id) VALUES
('oi000000-0000-4000-8000-000000000001', 2, 'Serve immediately', TIMESTAMP '2026-05-07 11:01:00', TIMESTAMP '2026-05-07 11:01:00', 'o0000000-0000-4000-8000-000000000001', 'm0000000-0000-4000-8000-000000000005'),
('oi000000-0000-4000-8000-000000000002', 1, 'No onions', TIMESTAMP '2026-05-07 11:01:30', TIMESTAMP '2026-05-07 11:01:30', 'o0000000-0000-4000-8000-000000000001', 'm0000000-0000-4000-8000-000000000003'),
('oi000000-0000-4000-8000-000000000003', 1, 'Chef recommendation', TIMESTAMP '2026-05-07 11:16:00', TIMESTAMP '2026-05-07 11:16:00', 'o0000000-0000-4000-8000-000000000002', 'm0000000-0000-4000-8000-000000000006'),
('oi000000-0000-4000-8000-000000000004', 2, 'Extra spicy', TIMESTAMP '2026-05-07 11:16:30', TIMESTAMP '2026-05-07 11:16:30', 'o0000000-0000-4000-8000-000000000002', 'm0000000-0000-4000-8000-000000000008'),
('oi000000-0000-4000-8000-000000000005', 2, 'Pack separately', TIMESTAMP '2026-05-07 11:31:00', TIMESTAMP '2026-05-07 11:31:00', 'o0000000-0000-4000-8000-000000000003', 'm0000000-0000-4000-8000-000000000011'),
('oi000000-0000-4000-8000-000000000006', 1, 'No sauce', TIMESTAMP '2026-05-07 11:31:30', TIMESTAMP '2026-05-07 11:31:30', 'o0000000-0000-4000-8000-000000000003', 'm0000000-0000-4000-8000-000000000012'),
('oi000000-0000-4000-8000-000000000007', 1, 'Pack separately', TIMESTAMP '2026-05-07 12:01:00', TIMESTAMP '2026-05-07 12:01:00', 'o0000000-0000-4000-8000-000000000004', 'm0000000-0000-4000-8000-000000000009'),
('oi000000-0000-4000-8000-000000000008', 1, 'Serve cold', TIMESTAMP '2026-05-07 12:01:30', TIMESTAMP '2026-05-07 12:01:30', 'o0000000-0000-4000-8000-000000000004', 'm0000000-0000-4000-8000-000000000010');

-- =========================
-- PAYMENTS
-- =========================
INSERT INTO payments (id, order_id, amount, status, payment_method, transaction_reference, paid_at, created_at, updated_at) VALUES
('p0000000-0000-4000-8000-000000000001', 'o0000000-0000-4000-8000-000000000001', 43.50, 'PAID', 'CARD', 'PAY-20260507-0001', TIMESTAMP '2026-05-07 11:12:00', TIMESTAMP '2026-05-07 11:12:00', TIMESTAMP '2026-05-07 11:12:00'),
('p0000000-0000-4000-8000-000000000002', 'o0000000-0000-4000-8000-000000000002', 48.00, 'PENDING', 'CASH', 'PAY-20260507-0002', NULL, TIMESTAMP '2026-05-07 11:26:00', TIMESTAMP '2026-05-07 11:26:00'),
('p0000000-0000-4000-8000-000000000003', 'o0000000-0000-4000-8000-000000000003', 7.50, 'PAID', 'ONLINE', 'PAY-20260507-0003', TIMESTAMP '2026-05-07 11:41:00', TIMESTAMP '2026-05-07 11:41:00', TIMESTAMP '2026-05-07 11:41:00'),
('p0000000-0000-4000-8000-000000000004', 'o0000000-0000-4000-8000-000000000004', 15.50, 'PAID', 'CASH', 'PAY-20260507-0004', TIMESTAMP '2026-05-07 12:25:00', TIMESTAMP '2026-05-07 12:25:00', TIMESTAMP '2026-05-07 12:25:00');

-- =========================
-- RESERVATIONS
-- =========================
INSERT INTO reservations (
    id,
    reservation_code,
    number_of_people,
    customer_name,
    customer_phone,
    email_customer,
    start_at,
    end_at,
    duration_reservation_minutes,
    status,
    notes,
    created_at,
    updated_at,
    confirmed_at,
    cancelled_at,
    cancel_reason,
    created_by,
    updated_by
) VALUES
('r0000000-0000-4000-8000-000000000001', 'RSV-0001', 4, 'John Carter', '0611111111', 'john.carter@restaurant.local', TIMESTAMP '2030-01-10 12:00:00', TIMESTAMP '2030-01-10 14:30:00', 90, 'CONFIRMED', 'Window table requested.', TIMESTAMP '2026-05-07 11:45:00', TIMESTAMP '2026-05-07 11:45:00', TIMESTAMP '2030-01-10 10:00:00', NULL, NULL, '55555555-5555-4555-8555-555555555555', '22222222-2222-4222-8222-222222222222'),
('r0000000-0000-4000-8000-000000000002', 'RSV-0002', 2, 'Mina El Idrissi', '0622222222', 'mina.elidrissi@restaurant.local', TIMESTAMP '2030-01-10 17:00:00', TIMESTAMP '2030-01-10 19:00:00', 60, 'PENDING', 'Birthday dinner.', TIMESTAMP '2026-05-07 11:46:00', TIMESTAMP '2026-05-07 11:46:00', NULL, NULL, NULL, '66666666-6666-4666-8666-666666666666', '66666666-6666-4666-8666-666666666666'),
('r0000000-0000-4000-8000-000000000003', 'RSV-0003', 6, 'Samir Ait', '0633333333', 'samir.ait@restaurant.local', TIMESTAMP '2030-01-11 12:00:00', TIMESTAMP '2030-01-11 15:00:00', 120, 'CANCELLED', 'Customer requested cancellation.', TIMESTAMP '2026-05-07 11:47:00', TIMESTAMP '2026-05-07 11:47:00', NULL, TIMESTAMP '2030-01-09 16:00:00', 'Customer requested cancellation.', '55555555-5555-4555-8555-555555555555', '22222222-2222-4222-8222-222222222222'),
('r0000000-0000-4000-8000-000000000004', 'RSV-0004', 8, 'Leila Amrani', '0644444444', 'leila.amrani@restaurant.local', TIMESTAMP '2030-01-11 17:00:00', TIMESTAMP '2030-01-11 21:00:00', 180, 'COMPLETED', 'Anniversary dinner.', TIMESTAMP '2026-05-07 11:48:00', TIMESTAMP '2026-05-07 11:48:00', TIMESTAMP '2030-01-11 15:00:00', NULL, NULL, '66666666-6666-4666-8666-666666666666', '11111111-1111-4111-8111-111111111111');

-- =========================
-- RESERVATION TABLE LINKS
-- =========================
INSERT INTO reservation_tables (reservation_id, table_id) VALUES
('r0000000-0000-4000-8000-000000000001', 't0000000-0000-4000-8000-000000000001'),
('r0000000-0000-4000-8000-000000000001', 't0000000-0000-4000-8000-000000000002'),
('r0000000-0000-4000-8000-000000000002', 't0000000-0000-4000-8000-000000000003'),
('r0000000-0000-4000-8000-000000000003', 't0000000-0000-4000-8000-000000000004'),
('r0000000-0000-4000-8000-000000000003', 't0000000-0000-4000-8000-000000000005'),
('r0000000-0000-4000-8000-000000000004', 't0000000-0000-4000-8000-000000000006');

-- =========================
-- RESERVATION REQUESTS
-- =========================
INSERT INTO reservation_request (id, status, created_at, updated_at, reservation_id, user_id) VALUES
('d0000000-0000-4000-8000-000000000001', 'ACCEPTED', TIMESTAMP '2026-05-07 11:50:00', TIMESTAMP '2026-05-07 11:50:00', 'r0000000-0000-4000-8000-000000000001', '55555555-5555-4555-8555-555555555555'),
('d0000000-0000-4000-8000-000000000002', 'PENDING', TIMESTAMP '2026-05-07 11:51:00', TIMESTAMP '2026-05-07 11:51:00', 'r0000000-0000-4000-8000-000000000002', '66666666-6666-4666-8666-666666666666'),
('d0000000-0000-4000-8000-000000000003', 'REFUSED', TIMESTAMP '2026-05-07 11:52:00', TIMESTAMP '2026-05-07 11:52:00', 'r0000000-0000-4000-8000-000000000003', '55555555-5555-4555-8555-555555555555'),
('d0000000-0000-4000-8000-000000000004', 'ACCEPTED', TIMESTAMP '2026-05-07 11:53:00', TIMESTAMP '2026-05-07 11:53:00', 'r0000000-0000-4000-8000-000000000004', '66666666-6666-4666-8666-666666666666');

COMMIT;
